{
"lengthUnit": "mil",
"components": {
	"fields": ["COMPONENT_NO", "COMPONENT_NAME", "LAYER", "X_COORDINATE", "Y_COORDINATE", "ANGLE"],
	"rows": [
		[1, "C1", "B", -1688, 126, 180],
		[2, "C2", "B", -1688, -108, 0],
		[3, "C4", "B", -1175.56, -233.56, 90],
		[4, "C6", "B", -99.05, 296.57, 180],
		[5, "C7", "B", 155, 268, 270],
		[6, "C8", "B", -1039, -135, 180],
		[7, "C9", "B", -1237, -233.54, 90],
		[8, "C10", "B", -98.69, 357.11, 180],
		[9, "C11", "B", -100, 236, 0],
		[10, "C12", "B", -95.49, -0.11, 180],
		[11, "C13", "B", 319, -429.02, 90],
		[12, "C14", "B", 125, 362, 180],
		[13, "C15", "B", 275.86, 268.16, 90],
		[14, "C16", "B", 216, 268.16, 90],
		[15, "C17", "B", -1284, 247.99, 0],
		[16, "C18", "B", 472.99, -397.01, 0],
		[17, "C19", "B", 917, -333, 0],
		[18, "C20", "B", 444, -254, 270],
		[19, "C21", "B", 382.2, -367.83, 90],
		[20, "C22", "B", 917, -271, 0],
		[21, "C24", "B", -68, 144, 90],
		[22, "C25", "T", -1544, -140, 270],
		[23, "C26", "T", -1612.99, -140, 270],
		[24, "C28", "B", -1596.44, 237.56, 90],
		[25, "CN1", "B", -1179.66, -386.42, 90],
		[26, "D1", "B", -100.53, -368.25, 270],
		[27, "JP3", "B", 573.26, -358.03, 270],
		[28, "L1", "B", -1409.13, -235.33, 90],
		[29, "L2", "B", -1464.33, -234.87, 90],
		[30, "L3", "B", -1510, 248, 180],
		[31, "L5", "B", -1683.55, 247.99, 0],
		[32, "LED1", "B", -1535.49, -450, 0],
		[33, "P1", "B", 722, 31, 90],
		[34, "Q1", "B", -1035, 136, 180],
		[35, "Q2", "B", -1612.78, -245.2, 90],
		[36, "Q3", "B", -1734, -357, 180],
		[37, "R1", "B", 306, 362, 0],
		[38, "R2", "B", 335, 270, 90],
		[39, "R3", "B", -1043, 43, 180],
		[40, "R4", "B", -1043, -13, 0],
		[41, "R5", "B", -99, 417, 0],
		[42, "R6", "B", -128.25, 144.94, 90],
		[43, "R7", "B", -4.11, -427.12, 270],
		[44, "R8", "B", -95, -57, 0],
		[45, "R9", "B", 54, -427.48, 270],
		[46, "R10", "B", -96.49, 59.89, 180],
		[47, "R11", "B", -4.14, -297.86, 270],
		[48, "R12", "B", 165.35, -10, 180],
		[49, "R13", "B", -1352.99, -234, 270],
		[50, "R14", "B", -1295.99, -234, 270],
		[51, "R15", "B", -4.14, -181.86, 270],
		[52, "R19", "B", 270.84, -254.08, 270],
		[53, "R20", "B", 327, -254, 90],
		[54, "R21", "B", 384, -254, 90],
		[55, "R22", "B", 470.99, -340, 0],
		[56, "R23", "B", 409.02, -457.99, 180],
		[57, "R24", "B", 504, -254, 90],
		[58, "R25", "B", -1706, -235, 90],
		[59, "R26", "B", -1764, -235, 90],
		[60, "R27", "B", -1713, -450, 0],
		[61, "R28", "B", -1519.78, -234.94, 270],
		[62, "RF1", "B", -1590.42, 449.02, 90],
		[63, "SW1", "B", 82.99, 107.01, 0],
		[64, "SW2", "B", 295.71, 107.01, 0],
		[65, "SW3", "B", -1872.48, 125, 90],
		[66, "U1", "B", -1688, 9, 270],
		[67, "U2", "B", -1438, 9, 0],
		[68, "U3", "T", -111.89, 15.12, 90],
		[69, "U4", "B", -574.78, -118.2, 180],
		[70, "U5", "B", 132.86, -205.86, 0],
		[71, "U6", "B", -94.14, -161.86, 270],
		[72, "U7", "B", 234, -426, 90],
		[73, "U9", "B", 688, -358, 90],
		[74, "U12", "T", 622.37, 15.15, 270],
		[75, "U14", "B", -1397, 247.99, 180],
		[76, "U15", "B", 39, 262, 0],
		[77, "U16", "B", -1067, -240, 0],
		[78, "USB1", "B", 628.27, 473.45, 0],
		[79, "PAD1", "T", -1842.94, 508.67, 0],
		[80, "PAD1", "B", -1842.94, 508.67, 0],
		[81, "PAD2", "T", -1842.96, -478.8, 0],
		[82, "PAD2", "B", -1842.96, -478.8, 0],
		[83, "PAD3", "T", 920.76, -478.79, 0],
		[84, "PAD3", "B", 920.76, -478.79, 0],
		[85, "PAD4", "T", 921.16, 509.06, 0],
		[86, "PAD4", "B", 921.16, 509.06, 0]
	]
},
"pins": {
	"fields": ["PIN_NO", "PIN_NAME", "PIN_X", "PIN_Y", "LAYER", "PIN_TYPE", "NET_NAME", "NET_TYPE", "PAD_SHAPE", "PAD_SIZEX", "PAD_SIZEY", "HOLE_SIZE", "PAD_ANGLE"],
	"rows": [
		[1, "C1_1", -1660.44, 126, "B", "SMD", "DCLK", "", "R", 31.5, 35.43, 0, 180],
		[2, "C1_2", -1715.56, 126, "B", "SMD", "GND", "GND", "R", 31.5, 35.43, 0, 180],
		[3, "C2_1", -1715.56, -108, "B", "SMD", "GND", "GND", "R", 31.5, 35.43, 0, 0],
		[4, "C2_2", -1660.44, -108, "B", "SMD", "RCLK", "", "R", 31.5, 35.43, 0, 0],
		[5, "C4_1", -1175.56, -261.12, "B", "SMD", "GND", "GND", "R", 31.5, 35.43, 0, 90],
		[6, "C4_2", -1175.56, -206, "B", "SMD", "VCC_RADIO", "", "R", 31.5, 35.43, 0, 90],
		[7, "C6_1", -71.49, 296.57, "B", "SMD", "GND", "GND", "R", 31.5, 35.43, 0, 180],
		[8, "C6_2", -126.61, 296.57, "B", "SMD", "VCC_3.3", "", "R", 31.5, 35.43, 0, 180],
		[9, "C7_1", 155, 295.56, "B", "SMD", "VCC_BAT", "", "R", 31.5, 35.43, 0, 270],
		[10, "C7_2", 155, 240.44, "B", "SMD", "GND", "GND", "R", 31.5, 35.43, 0, 270],
		[11, "C8_1", -1011.44, -135, "B", "SMD", "VCC_BAT", "", "R", 31.5, 35.43, 0, 180],
		[12, "C8_2", -1066.56, -135, "B", "SMD", "GND", "GND", "R", 31.5, 35.43, 0, 180],
		[13, "C9_1", -1237, -261.1, "B", "SMD", "GND", "GND", "R", 31.5, 35.43, 0, 90],
		[14, "C9_2", -1237, -205.98, "B", "SMD", "VCC_RADIO", "", "R", 31.5, 35.43, 0, 90],
		[15, "C10_1", -71.13, 357.11, "B", "SMD", "GND", "GND", "R", 31.5, 35.43, 0, 180],
		[16, "C10_2", -126.25, 357.11, "B", "SMD", "VCC_3.3", "", "R", 31.5, 35.43, 0, 180],
		[17, "C11_1", -127.56, 236, "B", "SMD", "VCC_3.3", "", "R", 31.5, 35.43, 0, 0],
		[18, "C11_2", -72.44, 236, "B", "SMD", "GND", "GND", "R", 31.5, 35.43, 0, 0],
		[19, "C12_1", -67.93, -0.11, "B", "SMD", "GND", "GND", "R", 31.5, 35.43, 0, 180],
		[20, "C12_2", -123.05, -0.11, "B", "SMD", "BAT_ADC", "", "R", 31.5, 35.43, 0, 180],
		[21, "C13_1", 319, -456.58, "B", "SMD", "GND", "GND", "R", 31.5, 35.43, 0, 90],
		[22, "C13_2", 319, -401.46, "B", "SMD", "BAT+", "", "R", 31.5, 35.43, 0, 90],
		[23, "C14_1", 152.56, 362, "B", "SMD", "GND", "GND", "R", 31.5, 35.43, 0, 180],
		[24, "C14_2", 97.44, 362, "B", "SMD", "SW", "", "R", 31.5, 35.43, 0, 180],
		[25, "C15_1", 275.86, 240.6, "B", "SMD", "GND", "GND", "R", 31.5, 35.43, 0, 90],
		[26, "C15_2", 275.86, 295.72, "B", "SMD", "A", "", "R", 31.5, 35.43, 0, 90],
		[27, "C16_1", 216, 240.6, "B", "SMD", "GND", "GND", "R", 31.5, 35.43, 0, 90],
		[28, "C16_2", 216, 295.72, "B", "SMD", "B", "", "R", 31.5, 35.43, 0, 90],
		[29, "C17_1", -1311.56, 247.99, "B", "SMD", "$2N254693", "", "R", 31.5, 35.43, 0, 0],
		[30, "C17_2", -1256.44, 247.99, "B", "SMD", "AM", "", "R", 31.5, 35.43, 0, 0],
		[31, "C18_1", 445.43, -397.01, "B", "SMD", "AGND", "", "R", 31.5, 35.43, 0, 0],
		[32, "C18_2", 500.55, -397.01, "B", "SMD", "$2N267455", "", "R", 31.5, 35.43, 0, 0],
		[33, "C19_1", 889.44, -333, "B", "SMD", "VCC_BAT", "", "R", 31.5, 35.43, 0, 0],
		[34, "C19_2", 944.56, -333, "B", "SMD", "AGND", "", "R", 31.5, 35.43, 0, 0],
		[35, "C20_1", 444, -226.44, "B", "SMD", "$2N227470", "", "R", 31.5, 35.43, 0, 270],
		[36, "C20_2", 444, -281.56, "B", "SMD", "$2N195670", "", "R", 31.5, 35.43, 0, 270],
		[37, "C21_1", 382.2, -395.39, "B", "SMD", "AGND", "", "R", 31.5, 35.43, 0, 90],
		[38, "C21_2", 382.2, -340.27, "B", "SMD", "$2N267535", "", "R", 31.5, 35.43, 0, 90],
		[39, "C22_1", 889.44, -271, "B", "SMD", "VCC_BAT", "", "R", 31.5, 35.43, 0, 0],
		[40, "C22_2", 944.56, -271, "B", "SMD", "AGND", "", "R", 31.5, 35.43, 0, 0],
		[41, "C24_1", -68, 116.44, "B", "SMD", "EN", "", "R", 31.5, 35.43, 0, 90],
		[42, "C24_2", -68, 171.56, "B", "SMD", "GND", "GND", "R", 31.5, 35.43, 0, 90],
		[43, "C25_1", -1544, -112.44, "T", "SMD", "$2N190368", "", "R", 31.5, 35.43, 0, 270],
		[44, "C25_2", -1544, -167.56, "T", "SMD", "L", "", "R", 31.5, 35.43, 0, 270],
		[45, "C26_1", -1612.99, -112.44, "T", "SMD", "$2N192868", "", "R", 31.5, 35.43, 0, 270],
		[46, "C26_2", -1612.99, -167.56, "T", "SMD", "R", "", "R", 31.5, 35.43, 0, 270],
		[47, "C28_1", -1596.44, 210, "B", "SMD", "FM", "", "R", 31.5, 35.43, 0, 90],
		[48, "C28_2", -1596.44, 265.12, "B", "SMD", "$2N254648", "", "R", 31.5, 35.43, 0, 90],
		[49, "CN1_1", -1103.88, -406.11, "B", "SMD", "VOP", "", "R", 15.75, 62.99, 0, 90],
		[50, "CN1_2", -1103.88, -366.74, "B", "SMD", "VON", "", "R", 15.75, 62.99, 0, 90],
		[51, "CN1_3", -1255.45, -319.49, "B", "SMD", "GND", "GND", "R", 39.37, 70.87, 0, 90],
		[52, "CN1_4", -1255.45, -453.35, "B", "SMD", "GND", "GND", "R", 39.37, 70.87, 0, 90],
		[53, "D1_1", -100.53, -281.64, "B", "SMD", "VCC_OUT", "", "R", 78.74, 78.74, 0, 90],
		[54, "D1_2", -100.53, -454.86, "B", "SMD", "$2N148621", "", "R", 78.74, 78.74, 0, 90],
		[55, "JP3_1", 573.26, -344.26, "B", "SMD", "$2N267531", "", "R", 19.68, 31.5, 0, 270],
		[56, "JP3_2", 573.26, -371.82, "B", "SMD", "$2N267455", "", "R", 19.68, 31.5, 0, 270],
		[57, "L1_1", -1409.13, -262.89, "B", "SMD", "$2N219805", "", "R", 31.5, 34.02, 0, 270],
		[58, "L1_2", -1409.13, -207.78, "B", "SMD", "I2C_SCL", "", "R", 31.5, 34.02, 0, 270],
		[59, "L2_1", -1464.33, -262.42, "B", "SMD", "$2N219849", "", "R", 31.5, 34.02, 0, 270],
		[60, "L2_2", -1464.33, -207.31, "B", "SMD", "I2C_SDA", "", "R", 31.5, 34.02, 0, 270],
		[61, "L3_1", -1482.44, 248, "B", "SMD", "$2N254690", "", "R", 31.5, 34.02, 0, 0],
		[62, "L3_2", -1537.56, 248, "B", "SMD", "$2N254648", "", "R", 31.5, 34.02, 0, 0],
		[63, "L5_1", -1711.11, 248, "B", "SMD", "GND", "GND", "R", 31.5, 39.37, 0, 0],
		[64, "L5_2", -1655.99, 248, "B", "SMD", "FM", "", "R", 31.5, 39.37, 0, 0],
		[65, "LED1_1", -1566.97, -449.87, "B", "SMD", "$2N148620", "", "R", 31.5, 31.5, 0, 270],
		[66, "LED1_2", -1504.01, -450.14, "B", "SMD", "$2N148626", "", "R", 31.5, 31.5, 0, 270],
		[67, "P1_1", 901.13, -112.7, "B", "SMD", "AGND", "", "R", 90.55, 62.99, 0, 90],
		[68, "P1_2", 905.07, 174.7, "B", "SMD", "AGND", "", "R", 90.55, 62.99, 0, 90],
		[69, "P1_3", 786.96, -112.7, "B", "SMD", "L", "", "R", 90.55, 62.99, 0, 90],
		[70, "P1_4", 625.54, 174.7, "B", "SMD", "R", "", "R", 90.55, 62.99, 0, 90],
		[71, "P1_5", 562.55, -112.7, "B", "SMD", "$2N195609", "", "R", 90.55, 62.99, 0, 90],
		[72, "P1_6", 538.93, 174.7, "B", "SMD", "$2N195603", "", "R", 90.55, 62.99, 0, 90],
		[73, "Q1_1", -1078.36, 98.6, "B", "SMD", "$2N196343", "", "R", 40.85, 20.95, 0, 180],
		[74, "Q1_2", -1078.36, 173.4, "B", "SMD", "GND", "GND", "R", 40.85, 20.95, 0, 180],
		[75, "Q1_3", -991.64, 136, "B", "SMD", "LEDK", "", "R", 40.85, 20.95, 0, 180],
		[76, "Q2_1", -1650.18, -201.84, "B", "SMD", "$2N237254", "", "R", 40.85, 20.95, 0, 90],
		[77, "Q2_2", -1575.38, -201.84, "B", "SMD", "GND", "GND", "R", 40.85, 20.95, 0, 90],
		[78, "Q2_3", -1612.78, -288.56, "B", "SMD", "L", "", "R", 40.85, 20.95, 0, 90],
		[79, "Q3_1", -1777.36, -394.4, "B", "SMD", "$2N237256", "", "R", 40.85, 20.95, 0, 180],
		[80, "Q3_2", -1777.36, -319.6, "B", "SMD", "GND", "GND", "R", 40.85, 20.95, 0, 180],
		[81, "Q3_3", -1690.64, -357, "B", "SMD", "R", "", "R", 40.85, 20.95, 0, 180],
		[82, "R1_1", 276.34, 362, "B", "SMD", "GND", "GND", "R", 31.75, 34.02, 0, 0],
		[83, "R1_2", 335.66, 362, "B", "SMD", "$2N178993", "", "R", 31.75, 34.02, 0, 0],
		[84, "R2_1", 335, 240.34, "B", "SMD", "GND", "GND", "R", 31.75, 34.02, 0, 90],
		[85, "R2_2", 335, 299.66, "B", "SMD", "$2N179043", "", "R", 31.75, 34.02, 0, 90],
		[86, "R3_1", -1013.34, 43, "B", "SMD", "LCD_BL", "", "R", 31.75, 34.02, 0, 180],
		[87, "R3_2", -1072.66, 43, "B", "SMD", "$2N196343", "", "R", 31.75, 34.02, 0, 180],
		[88, "R4_1", -1072.66, -13, "B", "SMD", "GND", "GND", "R", 31.75, 34.02, 0, 0],
		[89, "R4_2", -1013.34, -13, "B", "SMD", "LCD_BL", "", "R", 31.75, 34.02, 0, 0],
		[90, "R5_1", -128.66, 417, "B", "SMD", "VCC_3.3", "", "R", 31.75, 34.02, 0, 0],
		[91, "R5_2", -69.34, 417, "B", "SMD", "LEDA", "", "R", 31.75, 34.02, 0, 0],
		[92, "R6_1", -128.25, 115.28, "B", "SMD", "EN", "", "R", 31.75, 34.02, 0, 90],
		[93, "R6_2", -128.25, 174.6, "B", "SMD", "VCC_3.3", "", "R", 31.75, 34.02, 0, 90],
		[94, "R7_1", -4.11, -397.46, "B", "SMD", "$2N148621", "", "R", 31.75, 34.02, 0, 270],
		[95, "R7_2", -4.11, -456.78, "B", "SMD", "VBUS", "", "R", 31.75, 34.02, 0, 270],
		[96, "R8_1", -124.66, -57, "B", "SMD", "BAT_ADC", "", "R", 31.75, 34.02, 0, 0],
		[97, "R8_2", -65.34, -57, "B", "SMD", "VCC_BAT", "", "R", 31.75, 34.02, 0, 0],
		[98, "R9_1", 54, -397.82, "B", "SMD", "$2N148621", "", "R", 31.75, 34.02, 0, 270],
		[99, "R9_2", 54, -457.14, "B", "SMD", "$2N148626", "", "R", 31.75, 34.02, 0, 270],
		[100, "R10_1", -66.83, 59.89, "B", "SMD", "GND", "GND", "R", 31.75, 34.02, 0, 180],
		[101, "R10_2", -126.15, 59.89, "B", "SMD", "BAT_ADC", "", "R", 31.75, 34.02, 0, 180],
		[102, "R11_1", -4.14, -268.2, "B", "SMD", "$2N148624", "", "R", 31.75, 34.02, 0, 270],
		[103, "R11_2", -4.14, -327.52, "B", "SMD", "$2N148621", "", "R", 31.75, 34.02, 0, 270],
		[104, "R12_1", 195.01, -10, "B", "SMD", "GND", "GND", "R", 31.75, 34.02, 0, 180],
		[105, "R12_2", 135.69, -10, "B", "SMD", "$2N148615", "", "R", 31.75, 34.02, 0, 180],
		[106, "R13_1", -1352.99, -204.34, "B", "SMD", "VCC_RADIO", "", "R", 31.75, 34.02, 0, 270],
		[107, "R13_2", -1352.99, -263.66, "B", "SMD", "I2C_SDA", "", "R", 31.75, 34.02, 0, 270],
		[108, "R14_1", -1295.99, -204.34, "B", "SMD", "VCC_RADIO", "", "R", 31.75, 34.02, 0, 270],
		[109, "R14_2", -1295.99, -263.66, "B", "SMD", "I2C_SCL", "", "R", 31.75, 34.02, 0, 270],
		[110, "R15_1", -4.14, -152.2, "B", "SMD", "GND", "GND", "R", 31.75, 34.02, 0, 270],
		[111, "R15_2", -4.14, -211.52, "B", "SMD", "$2N148624", "", "R", 31.75, 34.02, 0, 270],
		[112, "R19_1", 270.84, -224.42, "B", "SMD", "GND", "GND", "R", 31.75, 34.02, 0, 270],
		[113, "R19_2", 270.84, -283.74, "B", "SMD", "AMP_EN", "", "R", 31.75, 34.02, 0, 270],
		[114, "R20_1", 327, -283.66, "B", "SMD", "$2N195670", "", "R", 31.75, 34.02, 0, 90],
		[115, "R20_2", 327, -224.34, "B", "SMD", "$2N195603", "", "R", 31.75, 34.02, 0, 90],
		[116, "R21_1", 384, -283.66, "B", "SMD", "$2N195670", "", "R", 31.75, 34.02, 0, 90],
		[117, "R21_2", 384, -224.34, "B", "SMD", "$2N195609", "", "R", 31.75, 34.02, 0, 90],
		[118, "R22_1", 441.33, -340, "B", "SMD", "$2N267535", "", "R", 31.75, 34.02, 0, 0],
		[119, "R22_2", 500.65, -340, "B", "SMD", "$2N267531", "", "R", 31.75, 34.02, 0, 0],
		[120, "R23_1", 438.68, -457.99, "B", "SMD", "AGND", "", "R", 31.75, 34.02, 0, 180],
		[121, "R23_2", 379.36, -457.99, "B", "SMD", "GND", "GND", "R", 31.75, 34.02, 0, 180],
		[122, "R24_1", 504, -283.66, "B", "SMD", "$2N262361", "", "R", 31.75, 34.02, 0, 90],
		[123, "R24_2", 504, -224.34, "B", "SMD", "$2N227470", "", "R", 31.75, 34.02, 0, 90],
		[124, "R25_1", -1706, -264.66, "B", "SMD", "MUTE", "", "R", 31.75, 34.02, 0, 90],
		[125, "R25_2", -1706, -205.34, "B", "SMD", "$2N237254", "", "R", 31.75, 34.02, 0, 90],
		[126, "R26_1", -1764, -264.66, "B", "SMD", "MUTE", "", "R", 31.75, 34.02, 0, 90],
		[127, "R26_2", -1764, -205.34, "B", "SMD", "$2N237256", "", "R", 31.75, 34.02, 0, 90],
		[128, "R27_1", -1742.66, -450, "B", "SMD", "GND", "GND", "R", 31.75, 34.02, 0, 0],
		[129, "R27_2", -1683.34, -450, "B", "SMD", "R", "", "R", 31.75, 34.02, 0, 0],
		[130, "R28_1", -1519.78, -205.28, "B", "SMD", "GND", "GND", "R", 31.75, 34.02, 0, 270],
		[131, "R28_2", -1519.78, -264.6, "B", "SMD", "L", "", "R", 31.75, 34.02, 0, 270],
		[132, "RF1_1", -1690.8, 456.58, "B", "SMD", "GND", "GND", "R", 173.23, 55.12, 0, 90],
		[133, "RF1_2", -1490.02, 456.54, "B", "SMD", "GND", "GND", "R", 173.23, 55.12, 0, 90],
		[134, "RF1_3", -1490.02, 456.57, "T", "SMD", "GND", "GND", "R", 173.23, 55.12, 0, 90],
		[135, "RF1_4", -1690.81, 456.57, "T", "SMD", "GND", "GND", "R", 173.23, 55.12, 0, 90],
		[136, "RF1_5", -1590.41, 456.59, "B", "SMD", "$2N254648", "", "R", 173.23, 55.12, 0, 90],
		[137, "SW1_1", 6.22, 67.64, "B", "SMD", "EN", "", "R", 43.31, 27.56, 0, 0],
		[138, "SW1_2", 159.76, 67.64, "B", "SMD", "EN", "", "R", 43.31, 27.56, 0, 0],
		[139, "SW1_3", 6.22, 146.38, "B", "SMD", "GND", "GND", "R", 43.31, 27.56, 0, 0],
		[140, "SW1_4", 159.76, 146.38, "B", "SMD", "GND", "GND", "R", 43.31, 27.56, 0, 0],
		[141, "SW1_5", 82.99, 176.1, "B", "SMD", "GND", "GND", "R", 27.56, 15.75, 0, 0],
		[142, "SW1_5", 82.99, 37.91, "B", "SMD", "GND", "GND", "R", 27.56, 15.75, 0, 0],
		[143, "SW2_1", 218.94, 67.64, "B", "SMD", "GPIO0", "", "R", 43.31, 27.56, 0, 0],
		[144, "SW2_2", 372.48, 67.64, "B", "SMD", "GPIO0", "", "R", 43.31, 27.56, 0, 0],
		[145, "SW2_3", 218.94, 146.38, "B", "SMD", "GND", "GND", "R", 43.31, 27.56, 0, 0],
		[146, "SW2_4", 372.48, 146.38, "B", "SMD", "GND", "GND", "R", 43.31, 27.56, 0, 0],
		[147, "SW2_5", 295.71, 176.1, "B", "SMD", "GND", "GND", "R", 27.56, 15.75, 0, 0],
		[148, "SW2_5", 295.71, 37.91, "B", "SMD", "GND", "GND", "R", 27.56, 15.75, 0, 0],
		[149, "SW3_1", -1805.55, 36.42, "B", "SMD", "SW3_1", "", "R", 60, 23.62, 0, 0],
		[150, "SW3_2", -1805.55, 154.53, "B", "SMD", "VCC_OUT", "", "R", 60, 23.62, 0, 0],
		[151, "SW3_3", -1805.55, 213.58, "B", "SMD", "VCC_BAT", "", "R", 60, 23.62, 0, 0],
		[152, "SW3_4", -1848.86, 266.73, "B", "SMD", "GND", "GND", "R", 47.24, 27.56, 0, 270],
		[153, "SW3_4", -1939.41, 266.73, "B", "SMD", "GND", "GND", "R", 47.24, 27.56, 0, 270],
		[154, "SW3_4", -1939.41, -16.73, "B", "SMD", "GND", "GND", "R", 47.24, 27.56, 0, 270],
		[155, "SW3_4", -1848.86, -16.73, "B", "SMD", "GND", "GND", "R", 47.24, 27.56, 0, 270],
		[156, "U1_1", -1688, 59.2, "B", "SMD", "DCLK", "", "R", 41.34, 66.93, 0, 270],
		[157, "U1_2", -1688, -41.19, "B", "SMD", "RCLK", "", "R", 41.34, 66.93, 0, 270],
		[158, "U2_1", -1613, 116.7, "B", "SMD", "$2N190368", "", "O", 23.7, 77.6, 0, 0],
		[159, "U2_2", -1563, 116.7, "B", "SMD", "DCLK", "", "O", 23.7, 77.6, 0, 0],
		[160, "U2_3", -1513, 116.7, "B", "SMD", "U2_3", "", "O", 23.7, 77.6, 0, 0],
		[161, "U2_4", -1463, 116.7, "B", "SMD", "U2_4", "", "O", 23.7, 77.6, 0, 0],
		[162, "U2_5", -1413, 116.7, "B", "SMD", "U2_5", "", "O", 23.7, 77.6, 0, 0],
		[163, "U2_6", -1363, 116.7, "B", "SMD", "FM", "", "O", 23.7, 77.6, 0, 0],
		[164, "U2_7", -1313, 116.7, "B", "SMD", "GND", "GND", "O", 23.7, 77.6, 0, 0],
		[165, "U2_8", -1263, 116.7, "B", "SMD", "AM", "", "O", 23.7, 77.6, 0, 0],
		[166, "U2_9", -1263, -98.7, "B", "SMD", "RST", "", "O", 23.7, 77.6, 0, 0],
		[167, "U2_10", -1313, -98.7, "B", "SMD", "VCC_RADIO", "", "O", 23.7, 77.6, 0, 0],
		[168, "U2_11", -1363, -98.7, "B", "SMD", "I2C_SCL", "", "O", 23.7, 77.6, 0, 0],
		[169, "U2_12", -1413, -98.7, "B", "SMD", "I2C_SDA", "", "O", 23.7, 77.6, 0, 0],
		[170, "U2_13", -1463, -98.7, "B", "SMD", "RCLK", "", "O", 23.7, 77.6, 0, 0],
		[171, "U2_14", -1513, -98.7, "B", "SMD", "VCC_RADIO", "", "O", 23.7, 77.6, 0, 0],
		[172, "U2_15", -1563, -98.7, "B", "SMD", "GND", "GND", "O", 23.7, 77.6, 0, 0],
		[173, "U2_16", -1613, -98.7, "B", "SMD", "$2N192868", "", "O", 23.7, 77.6, 0, 0],
		[174, "U3_1", -269.8, -270.08, "T", "SMD", "GND", "GND", "R", 11.81, 78.74, 0, 270],
		[175, "U3_2", -269.8, -250.38, "T", "SMD", "VCC_3.3", "", "R", 11.81, 78.74, 0, 270],
		[176, "U3_3", -269.8, -230.68, "T", "SMD", "GND", "GND", "R", 11.81, 78.74, 0, 270],
		[177, "U3_4", -269.8, -211.08, "T", "SMD", "GND", "GND", "R", 11.81, 78.74, 0, 270],
		[178, "U3_5", -269.8, -191.38, "T", "SMD", "LCD_RES", "", "R", 11.81, 78.74, 0, 270],
		[179, "U3_6", -269.8, -171.68, "T", "SMD", "LCD_CS", "", "R", 11.81, 78.74, 0, 270],
		[180, "U3_7", -269.8, -151.98, "T", "SMD", "LCD_DC", "", "R", 11.81, 78.74, 0, 270],
		[181, "U3_8", -269.8, -132.28, "T", "SMD", "LCD_WR", "", "R", 11.81, 78.74, 0, 270],
		[182, "U3_9", -269.8, -112.58, "T", "SMD", "LCD_RD", "", "R", 11.81, 78.74, 0, 270],
		[183, "U3_10", -269.8, -92.98, "T", "SMD", "GND", "GND", "R", 11.81, 78.74, 0, 270],
		[184, "U3_11", -269.8, -73.18, "T", "SMD", "LCD_D0", "", "R", 11.81, 78.74, 0, 270],
		[185, "U3_12", -269.8, -53.58, "T", "SMD", "LCD_D1", "", "R", 11.81, 78.74, 0, 270],
		[186, "U3_13", -269.8, -33.88, "T", "SMD", "LCD_D2", "", "R", 11.81, 78.74, 0, 270],
		[187, "U3_14", -269.8, -14.18, "T", "SMD", "LCD_D3", "", "R", 11.81, 78.74, 0, 270],
		[188, "U3_15", -269.8, 5.52, "T", "SMD", "LCD_D4", "", "R", 11.81, 78.74, 0, 270],
		[189, "U3_16", -269.8, 25.12, "T", "SMD", "LCD_D5", "", "R", 11.81, 78.74, 0, 270],
		[190, "U3_17", -269.8, 44.92, "T", "SMD", "LCD_D6", "", "R", 11.81, 78.74, 0, 270],
		[191, "U3_18", -269.8, 64.52, "T", "SMD", "LCD_D7", "", "R", 11.81, 78.74, 0, 270],
		[192, "U3_19", -269.8, 84.32, "T", "SMD", "U3_19", "", "R", 11.81, 78.74, 0, 270],
		[193, "U3_20", -269.8, 103.92, "T", "SMD", "LEDA", "", "R", 11.81, 78.74, 0, 270],
		[194, "U3_21", -269.8, 123.62, "T", "SMD", "LEDK", "", "R", 11.81, 78.74, 0, 270],
		[195, "U3_22", -269.8, 143.32, "T", "SMD", "LEDK", "", "R", 11.81, 78.74, 0, 270],
		[196, "U3_23", -269.8, 162.92, "T", "SMD", "LEDK", "", "R", 11.81, 78.74, 0, 270],
		[197, "U3_24", -269.8, 182.62, "T", "SMD", "LEDK", "", "R", 11.81, 78.74, 0, 270],
		[198, "U3_25", -269.8, 202.42, "T", "SMD", "GND", "GND", "R", 11.81, 78.74, 0, 270],
		[199, "U3_26", -269.8, 222.02, "T", "SMD", "U3_26", "", "R", 11.81, 78.74, 0, 270],
		[200, "U3_27", -269.8, 241.82, "T", "SMD", "U3_27", "", "R", 11.81, 78.74, 0, 270],
		[201, "U3_28", -269.8, 261.42, "T", "SMD", "U3_28", "", "R", 11.81, 78.74, 0, 270],
		[202, "U3_29", -269.8, 281.12, "T", "SMD", "U3_29", "", "R", 11.81, 78.74, 0, 270],
		[203, "U3_30", -269.8, 300.72, "T", "SMD", "GND", "GND", "R", 11.81, 78.74, 0, 270],
		[204, "U3_31", -360.28, 413.08, "T", "SMD", "GND", "GND", "R", 98.42, 137.79, 0, 270],
		[205, "U3_32", -360.28, -382.84, "T", "SMD", "GND", "GND", "R", 98.42, 137.79, 0, 270],
		[206, "U4_1", -230.29, 231.99, "B", "SMD", "GND", "GND", "R", 59.05, 35.43, 0, 180],
		[207, "U4_2", -230.29, 181.99, "B", "SMD", "VCC_3.3", "", "R", 59.05, 35.43, 0, 180],
		[208, "U4_3", -230.29, 131.99, "B", "SMD", "EN", "", "R", 59.05, 35.43, 0, 180],
		[209, "U4_4", -230.29, 81.99, "B", "SMD", "BAT_ADC", "", "R", 59.05, 35.43, 0, 180],
		[210, "U4_5", -230.29, 31.99, "B", "SMD", "LCD_RES", "", "R", 59.05, 35.43, 0, 180],
		[211, "U4_6", -230.29, -18.01, "B", "SMD", "LCD_CS", "", "R", 59.05, 35.43, 0, 180],
		[212, "U4_7", -230.29, -68.01, "B", "SMD", "LCD_DC", "", "R", 59.05, 35.43, 0, 180],
		[213, "U4_8", -230.29, -118.01, "B", "SMD", "RADIO_EN", "", "R", 59.05, 35.43, 0, 180],
		[214, "U4_9", -230.29, -168.01, "B", "SMD", "RST", "", "R", 59.05, 35.43, 0, 180],
		[215, "U4_10", -230.29, -218.01, "B", "SMD", "$2N219805", "", "R", 59.05, 35.43, 0, 180],
		[216, "U4_11", -230.29, -268.01, "B", "SMD", "$2N219849", "", "R", 59.05, 35.43, 0, 180],
		[217, "U4_12", -230.29, -318.01, "B", "SMD", "LCD_WR", "", "R", 59.05, 35.43, 0, 180],
		[218, "U4_13", -230.29, -368.01, "B", "SMD", "USB_DM", "", "R", 59.05, 35.43, 0, 180],
		[219, "U4_14", -230.29, -418.01, "B", "SMD", "USB_DP", "", "R", 59.05, 35.43, 0, 180],
		[220, "U4_15", -299.78, -468.4, "B", "SMD", "MUTE", "", "R", 59.05, 35.43, 0, 90],
		[221, "U4_16", -349.78, -468.4, "B", "SMD", "LCD_D5", "", "R", 59.05, 35.43, 0, 90],
		[222, "U4_17", -399.78, -468.4, "B", "SMD", "LCD_RD", "", "R", 59.05, 35.43, 0, 90],
		[223, "U4_18", -449.78, -468.4, "B", "SMD", "AMP_EN", "", "R", 59.05, 35.43, 0, 90],
		[224, "U4_19", -499.78, -468.4, "B", "SMD", "U4_19", "", "R", 59.05, 35.43, 0, 90],
		[225, "U4_20", -549.78, -468.4, "B", "SMD", "U4_20", "", "R", 59.05, 35.43, 0, 90],
		[226, "U4_21", -599.78, -468.4, "B", "SMD", "U4_21", "", "R", 59.05, 35.43, 0, 90],
		[227, "U4_22", -649.78, -468.4, "B", "SMD", "U4_22", "", "R", 59.05, 35.43, 0, 90],
		[228, "U4_23", -699.78, -468.4, "B", "SMD", "SW", "", "R", 59.05, 35.43, 0, 90],
		[229, "U4_24", -749.78, -468.4, "B", "SMD", "LCD_D6", "", "R", 59.05, 35.43, 0, 90],
		[230, "U4_25", -799.78, -468.4, "B", "SMD", "LCD_D7", "", "R", 59.05, 35.43, 0, 90],
		[231, "U4_26", -849.78, -467.22, "B", "SMD", "LCD_D4", "", "R", 59.05, 35.43, 0, 90],
		[232, "U4_27", -919.27, -418.01, "B", "SMD", "GPIO0", "", "R", 59.05, 35.43, 0, 0],
		[233, "U4_28", -919.27, -368.01, "B", "SMD", "U4_28", "", "R", 59.05, 35.43, 0, 0],
		[234, "U4_29", -919.27, -318.01, "B", "SMD", "U4_29", "", "R", 59.05, 35.43, 0, 0],
		[235, "U4_30", -919.27, -268.01, "B", "SMD", "U4_30", "", "R", 59.05, 35.43, 0, 0],
		[236, "U4_31", -919.27, -218.01, "B", "SMD", "LCD_BL", "", "R", 59.05, 35.43, 0, 0],
		[237, "U4_32", -919.27, -168.01, "B", "SMD", "LCD_D0", "", "R", 59.05, 35.43, 0, 0],
		[238, "U4_33", -919.27, -118.01, "B", "SMD", "LCD_D1", "", "R", 59.05, 35.43, 0, 0],
		[239, "U4_34", -919.27, -68.01, "B", "SMD", "LCD_D2", "", "R", 59.05, 35.43, 0, 0],
		[240, "U4_35", -919.27, -18.01, "B", "SMD", "LCD_D3", "", "R", 59.05, 35.43, 0, 0],
		[241, "U4_36", -919.27, 31.99, "B", "SMD", "U4_36", "", "R", 59.05, 35.43, 0, 0],
		[242, "U4_37", -919.27, 81.99, "B", "SMD", "U4_37", "", "R", 59.05, 35.43, 0, 0],
		[243, "U4_38", -919.27, 131.99, "B", "SMD", "A", "", "R", 59.05, 35.43, 0, 0],
		[244, "U4_39", -919.27, 181.99, "B", "SMD", "B", "", "R", 59.05, 35.43, 0, 0],
		[245, "U4_40", -919.27, 231.99, "B", "SMD", "GND", "GND", "R", 59.05, 35.43, 0, 0],
		[246, "U4_41", -570.84, -127.07, "B", "SMD", "GND", "GND", "R", 35.43, 35.43, 0, 90],
		[247, "U4_41", -515.72, -127.07, "B", "SMD", "GND", "GND", "R", 35.43, 35.43, 0, 90],
		[248, "U4_41", -460.6, -127.07, "B", "SMD", "GND", "GND", "R", 35.43, 35.43, 0, 90],
		[249, "U4_41", -460.6, -16.83, "B", "SMD", "GND", "GND", "R", 35.43, 35.43, 0, 90],
		[250, "U4_41", -515.72, -16.83, "B", "SMD", "GND", "GND", "R", 35.43, 35.43, 0, 90],
		[251, "U4_41", -570.84, -16.83, "B", "SMD", "GND", "GND", "R", 35.43, 35.43, 0, 90],
		[252, "U4_41", -570.84, -71.95, "B", "SMD", "GND", "GND", "R", 35.43, 35.43, 0, 90],
		[253, "U4_41", -460.6, -71.95, "B", "SMD", "GND", "GND", "R", 35.43, 35.43, 0, 90],
		[254, "U4_41", -515.72, -71.95, "B", "SMD", "GND", "GND", "R", 35.43, 35.43, 0, 90],
		[255, "U5_1", 57.86, -91.36, "B", "SMD", "GND", "GND", "R", 23.62, 47.24, 0, 0],
		[256, "U5_2", 107.86, -91.36, "B", "SMD", "$2N148615", "", "R", 23.62, 47.24, 0, 0],
		[257, "U5_3", 157.86, -91.36, "B", "SMD", "GND", "GND", "R", 23.62, 47.24, 0, 0],
		[258, "U5_4", 207.86, -91.36, "B", "SMD", "$2N148621", "", "R", 23.62, 47.24, 0, 0],
		[259, "U5_5", 207.86, -320.36, "B", "SMD", "BAT+", "", "R", 23.62, 47.24, 0, 0],
		[260, "U5_6", 157.86, -320.36, "B", "SMD", "U5_6", "", "R", 23.62, 47.24, 0, 0],
		[261, "U5_7", 107.86, -320.36, "B", "SMD", "$2N148620", "", "R", 23.62, 47.24, 0, 0],
		[262, "U5_8", 57.86, -320.36, "B", "SMD", "$2N148621", "", "R", 23.62, 47.24, 0, 0],
		[263, "U5_9", 132.86, -205.86, "B", "SMD", "GND", "GND", "R", 129.92, 94.49, 0, 180],
		[264, "U6_1", -56.74, -210.49, "B", "SMD", "$2N148624", "", "R", 42.13, 23.62, 0, 270],
		[265, "U6_2", -131.54, -210.49, "B", "SMD", "VCC_OUT", "", "R", 42.13, 23.62, 0, 270],
		[266, "U6_3", -94.14, -113.24, "B", "SMD", "BAT+", "", "R", 42.13, 23.62, 0, 270],
		[267, "U7_1", 234, -426, "B", "SMD", "BAT+", "", "O", 118.11, 51.18, 0, 270],
		[268, "U7_2", 134, -426, "B", "SMD", "GND", "GND", "R", 118.11, 51.18, 0, 270],
		[269, "U9_1", 573.5, -433, "B", "SMD", "AMP_EN", "", "R", 23.62, 47.24, 0, 90],
		[270, "U9_2", 573.5, -383, "B", "SMD", "$2N267455", "", "R", 23.62, 47.24, 0, 90],
		[271, "U9_3", 573.5, -333, "B", "SMD", "$2N267531", "", "R", 23.62, 47.24, 0, 90],
		[272, "U9_4", 573.5, -283, "B", "SMD", "$2N262361", "", "R", 23.62, 47.24, 0, 90],
		[273, "U9_5", 802.5, -283, "B", "SMD", "VON", "", "R", 23.62, 47.24, 0, 90],
		[274, "U9_6", 802.5, -333, "B", "SMD", "VCC_BAT", "", "R", 23.62, 47.24, 0, 90],
		[275, "U9_7", 802.5, -383, "B", "SMD", "AGND", "", "R", 23.62, 47.24, 0, 90],
		[276, "U9_8", 802.5, -433, "B", "SMD", "VOP", "", "R", 23.62, 47.24, 0, 90],
		[277, "U9_9", 688, -358, "B", "SMD", "GND", "GND", "R", 78.74, 78.74, 0, 270],
		[278, "U12_1", 321.19, 113.57, "T", "SMD", "A", "", "R", 59.05, 94.49, 0, 270],
		[279, "U12_2", 321.19, 15.15, "T", "SMD", "GND", "GND", "R", 59.05, 94.49, 0, 270],
		[280, "U12_3", 321.19, -83.27, "T", "SMD", "B", "", "R", 59.05, 94.49, 0, 270],
		[281, "U12_4", 935.36, -83.27, "T", "SMD", "GND", "GND", "R", 59.05, 94.49, 0, 270],
		[282, "U12_5", 935.36, 113.57, "T", "SMD", "SW", "", "R", 59.05, 94.49, 0, 270],
		[283, "U12_6", 628.28, 290.74, "T", "SMD", "GND", "GND", "R", 118.11, 137.8, 0, 270],
		[284, "U12_7", 628.28, -260.44, "T", "SMD", "GND", "GND", "R", 118.11, 137.8, 0, 270],
		[285, "U14_1", -1369.44, 247.99, "B", "SMD", "$2N254693", "", "R", 31.5, 34.02, 0, 0],
		[286, "U14_2", -1424.56, 247.99, "B", "SMD", "$2N254690", "", "R", 31.5, 34.02, 0, 0],
		[287, "U15_1", 90.19, 299.4, "B", "SMD", "VCC_BAT", "", "R", 43.31, 23.62, 0, 0],
		[288, "U15_2", 90.19, 262, "B", "SMD", "GND", "GND", "R", 43.31, 23.62, 0, 0],
		[289, "U15_3", 90.19, 224.6, "B", "SMD", "VCC_BAT", "", "R", 43.31, 23.62, 0, 0],
		[290, "U15_4", -12.18, 224.6, "B", "SMD", "U15_4", "", "R", 43.31, 23.62, 0, 0],
		[291, "U15_5", -12.19, 299.4, "B", "SMD", "VCC_3.3", "", "R", 43.31, 23.62, 0, 0],
		[292, "U16_1", -1015.82, -202.6, "B", "SMD", "VCC_BAT", "", "R", 43.31, 23.62, 0, 0],
		[293, "U16_2", -1015.82, -240, "B", "SMD", "GND", "GND", "R", 43.31, 23.62, 0, 0],
		[294, "U16_3", -1015.82, -277.4, "B", "SMD", "RADIO_EN", "", "R", 43.31, 23.62, 0, 0],
		[295, "U16_4", -1118.18, -277.4, "B", "SMD", "U16_4", "", "R", 43.31, 23.62, 0, 0],
		[296, "U16_5", -1118.18, -202.6, "B", "SMD", "VCC_RADIO", "", "R", 43.31, 23.62, 0, 0],
		[297, "USB1_1", 502.28, 368.13, "B", "SMD", "GND", "GND", "R", 21.65, 43.31, 0, 0],
		[298, "USB1_2", 533.78, 368.13, "B", "SMD", "VBUS", "", "R", 21.65, 43.31, 0, 0],
		[299, "USB1_3", 559.37, 368.13, "B", "SMD", "USB1_3", "", "R", 11.81, 43.31, 0, 0],
		[300, "USB1_4", 579.06, 368.13, "B", "SMD", "$2N178993", "", "R", 11.81, 43.31, 0, 0],
		[301, "USB1_5", 598.74, 368.13, "B", "SMD", "USB_DM", "", "R", 11.81, 43.31, 0, 0],
		[302, "USB1_6", 618.42, 368.13, "B", "SMD", "USB_DP", "", "R", 11.81, 43.31, 0, 0],
		[303, "USB1_7", 638.11, 368.13, "B", "SMD", "USB_DM", "", "R", 11.81, 43.31, 0, 0],
		[304, "USB1_8", 657.79, 368.13, "B", "SMD", "USB_DP", "", "R", 11.81, 43.31, 0, 0],
		[305, "USB1_9", 677.48, 368.13, "B", "SMD", "USB1_9", "", "R", 11.81, 43.31, 0, 0],
		[306, "USB1_10", 697.17, 368.13, "B", "SMD", "$2N179043", "", "R", 11.81, 43.31, 0, 0],
		[307, "USB1_11", 722.76, 368.13, "B", "SMD", "VBUS", "", "R", 21.65, 43.31, 0, 0],
		[308, "USB1_12", 754.25, 368.13, "B", "SMD", "GND", "GND", "R", 21.65, 43.31, 0, 0],
		[309, "USB1_13", 457.99, 401.59, "T", "DIP", "GND", "GND", "O", 43.31, 78.74, 59.05, 0],
		[310, "USB1_13", 457.99, 401.59, "B", "DIP", "GND", "GND", "O", 43.31, 78.74, 59.05, 0],
		[311, "USB1_13", 457.99, 566.95, "T", "DIP", "GND", "GND", "O", 47.24, 70.87, 47.24, 0],
		[312, "USB1_13", 457.99, 566.95, "B", "DIP", "GND", "GND", "O", 47.24, 70.87, 47.24, 0],
		[313, "USB1_14", 798.54, 401.59, "T", "DIP", "GND", "GND", "O", 43.31, 78.74, 59.06, 0],
		[314, "USB1_14", 798.54, 401.59, "B", "DIP", "GND", "GND", "O", 43.31, 78.74, 59.06, 0],
		[315, "USB1_14", 798.54, 566.95, "T", "DIP", "GND", "GND", "O", 47.24, 70.87, 47.24, 0],
		[316, "USB1_14", 798.54, 566.95, "B", "DIP", "GND", "GND", "O", 47.24, 70.87, 47.24, 0],
		[317, "PAD1_42", -1842.94, 508.67, "T", "DIP", "GND", "GND", "C", 78.74, 78.74, 78.74, 0],
		[318, "PAD1_42", -1842.94, 508.67, "B", "DIP", "GND", "GND", "C", 78.74, 78.74, 78.74, 0],
		[319, "PAD2_43", -1842.96, -478.8, "T", "DIP", "GND", "GND", "C", 78.74, 78.74, 78.74, 0],
		[320, "PAD2_43", -1842.96, -478.8, "B", "DIP", "GND", "GND", "C", 78.74, 78.74, 78.74, 0],
		[321, "PAD3_44", 920.76, -478.79, "T", "DIP", "GND", "GND", "C", 78.74, 78.74, 78.74, 0],
		[322, "PAD3_44", 920.76, -478.79, "B", "DIP", "GND", "GND", "C", 78.74, 78.74, 78.74, 0],
		[323, "PAD4_45", 921.16, 509.06, "T", "DIP", "GND", "GND", "C", 78.74, 78.74, 78.74, 0],
		[324, "PAD4_45", 921.16, 509.06, "B", "DIP", "GND", "GND", "C", 78.74, 78.74, 78.74, 0]
	]
}
}